<?xml version="1.0" encoding="UTF-8"?>
<project-private xmlns="http://www.netbeans.org/ns/project-private/1">
    <editor-bookmarks xmlns="http://www.netbeans.org/ns/editor-bookmarks/2" lastBookmarkId="0"/>
    <open-files xmlns="http://www.netbeans.org/ns/projectui-open-files/2">
        <group>
            <file>file:/C:/Users/Talha/OneDrive/Documents/NetBeansProjects/POE_PART1/test/LoginRegistrationTest.java</file>
            <file>file:/C:/Users/Talha/OneDrive/Documents/NetBeansProjects/POE_PART1/src/poe_part1/TaskList.java</file>
            <file>file:/C:/Users/Talha/OneDrive/Documents/NetBeansProjects/POE_PART1/src/poe_part1/Registration.java</file>
            <file>file:/C:/Users/Talha/OneDrive/Documents/NetBeansProjects/POE_PART1/src/poe_part1/POE_PART1.java</file>
            <file>file:/C:/Users/Talha/OneDrive/Documents/NetBeansProjects/POE_PART1/src/poe_part1/Login.java</file>
        </group>
    </open-files>
</project-private>
